<environmentvariabledefinition schemaname="spadminp_SPAdminLookupRootSiteUrl">
  <description default="example: https://tenant.sharepoint.com">
    <label description="example: https://tenant.sharepoint.com" languagecode="1033" />
  </description>
  <displayname default="SP Admin Lookup - Root Site Url">
    <label description="SP Admin Lookup - Root Site Url" languagecode="1033" />
  </displayname>
  <introducedversion>1.0.0.3</introducedversion>
  <iscustomizable>1</iscustomizable>
  <isrequired>0</isrequired>
  <secretstore>0</secretstore>
  <type>100000000</type>
</environmentvariabledefinition>