{
  "properties": {
    "connectionReferences": {},
    "definition": {
      "$schema": "https://schema.management.azure.com/providers/Microsoft.Logic/schemas/2016-06-01/workflowdefinition.json#",
      "contentVersion": "1.0.0.0",
      "parameters": {
        "$authentication": {
          "defaultValue": {},
          "type": "SecureObject"
        },
        "$connections": {
          "defaultValue": {},
          "type": "Object"
        },
        "SPOSearch-Function-Url (spadminp_SPOSearchFunctionUrl)": {
          "defaultValue": "https://trlingen-spo-mgmt-func.azurewebsites.net/api/Search-SPOSites?code=5oNetnfNeObnPl_RkinkI5sg9wcODCvo950ewrearCUZAzFuop_UGg==",
          "type": "String",
          "metadata": {
            "schemaName": "spadminp_SPOSearchFunctionUrl",
            "description": "URL for the Azure function Search-SPOSites."
          }
        },
        "SP Admin Lookup - Root Site Url (spadminp_SPAdminLookupRootSiteUrl)": {
          "defaultValue": "https://tlingenf.sharepoint.com",
          "type": "String",
          "metadata": {
            "schemaName": "spadminp_SPAdminLookupRootSiteUrl",
            "description": "example: https://tenant.sharepoint.com"
          }
        }
      },
      "triggers": {
        "manual": {
          "type": "Request",
          "kind": "PowerAppV2",
          "inputs": {
            "schema": {
              "type": "object",
              "properties": {
                "text": {
                  "title": "Search Text",
                  "type": "string",
                  "x-ms-dynamically-added": true,
                  "description": "Please enter your input",
                  "x-ms-content-hint": "TEXT"
                }
              },
              "required": [
                "text"
              ]
            }
          },
          "metadata": {
            "operationMetadataId": "1590b23c-e209-46a2-ba0f-5f90c18aaa3c"
          }
        }
      },
      "actions": {
        "Response": {
          "type": "Response",
          "kind": "Http",
          "inputs": {
            "statusCode": 200,
            "body": {
              "results": "@body('Parse_JSON')"
            },
            "schema": {
              "type": "object",
              "properties": {
                "results": {
                  "type": "array",
                  "items": {
                    "type": "object",
                    "properties": {
                      "Url": {
                        "type": "string"
                      },
                      "Title": {
                        "type": "string"
                      }
                    },
                    "required": [
                      "Url",
                      "Title"
                    ]
                  }
                }
              }
            }
          },
          "runAfter": {
            "Parse_JSON": [
              "Succeeded"
            ]
          },
          "metadata": {
            "operationMetadataId": "9eaa4537-25da-4efc-8301-9e6557d8d911"
          }
        },
        "HTTP": {
          "type": "Http",
          "inputs": {
            "uri": "@parameters('SPOSearch-Function-Url (spadminp_SPOSearchFunctionUrl)')",
            "method": "POST",
            "body": {
              "searchText": "@{triggerBody()['text']}",
              "siteUrl": "@{parameters('SP Admin Lookup - Root Site Url (spadminp_SPAdminLookupRootSiteUrl)')}"
            }
          },
          "runAfter": {},
          "metadata": {
            "operationMetadataId": "e9b34e3c-7f98-4d17-aad9-a212a31d6c47"
          }
        },
        "Parse_JSON": {
          "type": "ParseJson",
          "inputs": {
            "content": "@body('HTTP')",
            "schema": {
              "type": "array",
              "items": {
                "type": "object",
                "properties": {
                  "Url": {
                    "type": "string"
                  },
                  "Title": {
                    "type": "string"
                  }
                },
                "required": [
                  "Url",
                  "Title"
                ]
              }
            }
          },
          "runAfter": {
            "HTTP": [
              "Succeeded"
            ]
          },
          "metadata": {
            "operationMetadataId": "1ef3009c-9f7f-4df3-a87a-f28c519f10ca"
          }
        }
      }
    },
    "templateName": null
  },
  "schemaVersion": "1.0.0.0"
}