<ImportExportXml xmlns:xsi="http://www.w3.org/2001/XMLSchema-instance" OrganizationVersion="9.2.25012.190" OrganizationSchemaType="Standard" CRMServerServiceabilityVersion="9.2.25021.00200">
  <Entities></Entities>
  <Roles></Roles>
  <Workflows>
    <Workflow WorkflowId="{6f5a796d-6555-ed11-bba3-000d3a338c5d}" Name="SP Admin Lookup - Find Sites">
      <JsonFileName>/Workflows/SPAdminLookup-FindSites-6F5A796D-6555-ED11-BBA3-000D3A338C5D.json</JsonFileName>
      <Type>1</Type>
      <Subprocess>0</Subprocess>
      <Category>5</Category>
      <Mode>0</Mode>
      <Scope>4</Scope>
      <OnDemand>0</OnDemand>
      <TriggerOnCreate>0</TriggerOnCreate>
      <TriggerOnDelete>0</TriggerOnDelete>
      <AsyncAutodelete>0</AsyncAutodelete>
      <SyncWorkflowLogOnFailure>0</SyncWorkflowLogOnFailure>
      <StateCode>1</StateCode>
      <StatusCode>2</StatusCode>
      <RunAs>1</RunAs>
      <IsTransacted>1</IsTransacted>
      <IntroducedVersion>1.0.0.0</IntroducedVersion>
      <IsCustomizable>1</IsCustomizable>
      <IsCustomProcessingStepAllowedForOtherPublishers>1</IsCustomProcessingStepAllowedForOtherPublishers>
      <PrimaryEntity>none</PrimaryEntity>
      <LocalizedNames>
        <LocalizedName languagecode="1033" description="SP Admin Lookup - Find Sites" />
      </LocalizedNames>
    </Workflow>
    <Workflow WorkflowId="{c4418901-6655-ed11-bba3-000d3a338c5d}" Name="SP Admin Lookup - Get Admins">
      <JsonFileName>/Workflows/SPAdminLookup-GetAdmins-C4418901-6655-ED11-BBA3-000D3A338C5D.json</JsonFileName>
      <Type>1</Type>
      <Subprocess>0</Subprocess>
      <Category>5</Category>
      <Mode>0</Mode>
      <Scope>4</Scope>
      <OnDemand>0</OnDemand>
      <TriggerOnCreate>0</TriggerOnCreate>
      <TriggerOnDelete>0</TriggerOnDelete>
      <AsyncAutodelete>0</AsyncAutodelete>
      <SyncWorkflowLogOnFailure>0</SyncWorkflowLogOnFailure>
      <StateCode>1</StateCode>
      <StatusCode>2</StatusCode>
      <RunAs>1</RunAs>
      <IsTransacted>1</IsTransacted>
      <IntroducedVersion>1.0.0.0</IntroducedVersion>
      <IsCustomizable>1</IsCustomizable>
      <IsCustomProcessingStepAllowedForOtherPublishers>1</IsCustomProcessingStepAllowedForOtherPublishers>
      <PrimaryEntity>none</PrimaryEntity>
      <LocalizedNames>
        <LocalizedName languagecode="1033" description="SP Admin Lookup - Get Admins" />
      </LocalizedNames>
    </Workflow>
  </Workflows>
  <FieldSecurityProfiles></FieldSecurityProfiles>
  <Templates />
  <EntityMaps />
  <EntityRelationships />
  <OrganizationSettings />
  <optionsets />
  <CustomControls />
  <EntityDataProviders />
  <CanvasApps>
    <CanvasApp>
      <Name>spadminp_sharepointadminlookup_ab66a</Name>
      <AppVersion>2025-03-05T16:48:23Z</AppVersion>
      <Status>Ready</Status>
      <CreatedByClientVersion>3.22103.22.0</CreatedByClientVersion>
      <MinClientVersion>3.22103.22.0</MinClientVersion>
      <Tags>{"primaryDeviceWidth":"1366","primaryDeviceHeight":"768","supportsPortrait":"true","supportsLandscape":"true","primaryFormFactor":"Tablet","publisherVersion":"3.22103.22","minimumRequiredApiVersion":"2.2.0","hasComponent":"false","hasUnlockedComponent":"false","isUnifiedRootApp":"false","sienaVersion":"20221027T170225Z-3.22102.33.0"}</Tags>
      <IsCdsUpgraded>0</IsCdsUpgraded>
      <GalleryItemId xsi:nil="true"></GalleryItemId>
      <BackgroundColor>RGBA(0,176,240,1)</BackgroundColor>
      <DisplayName>SharePoint Admin Lookup</DisplayName>
      <Description></Description>
      <CommitMessage></CommitMessage>
      <Publisher></Publisher>
      <AuthorizationReferences>[]</AuthorizationReferences>
      <ConnectionReferences>{"a5f6f9ee-f6c7-431f-a69a-c15d428577e5":{"id":"/providers/microsoft.powerapps/apis/shared_logicflows","displayName":"Logic flows","iconUri":"https://conn-afd-prod-endpoint-bmc9bqahasf3grgk.b01.azurefd.net/releases/v1.0.1725/1.0.1725.4004/logicflows/icon.png","dataSources":["SPAdminLookup-FindSites"],"dependencies":[],"dependents":[],"parameterHints":{"workflowName":{"value":"3810875f-90b1-44d0-9a43-cb01bb32a5c6"},"workflowEntityId":{"value":"6f5a796d-6555-ed11-bba3-000d3a338c5d"}},"parameterHintsV2":{"workflowName":{"value":"3810875f-90b1-44d0-9a43-cb01bb32a5c6"},"workflowEntityId":{"value":"6f5a796d-6555-ed11-bba3-000d3a338c5d"}},"isOnPremiseConnection":false,"bypassConsent":false,"dataSets":{},"apiTier":"Standard","actions":["Run"]},"dd29c080-c11e-42f8-a59b-40e3753632b8":{"id":"/providers/microsoft.powerapps/apis/shared_logicflows","displayName":"Logic flows","iconUri":"https://conn-afd-prod-endpoint-bmc9bqahasf3grgk.b01.azurefd.net/releases/v1.0.1725/1.0.1725.4004/logicflows/icon.png","dataSources":["SPAdminLookup-GetAdmins"],"dependencies":[],"dependents":[],"parameterHints":{"workflowName":{"value":"be72e8d3-7c34-48f1-af9a-adb53e3725f7"},"workflowEntityId":{"value":"c4418901-6655-ed11-bba3-000d3a338c5d"}},"parameterHintsV2":{"workflowName":{"value":"be72e8d3-7c34-48f1-af9a-adb53e3725f7"},"workflowEntityId":{"value":"c4418901-6655-ed11-bba3-000d3a338c5d"}},"isOnPremiseConnection":false,"bypassConsent":false,"dataSets":{},"apiTier":"Standard","actions":["Run"]}}</ConnectionReferences>
      <DatabaseReferences>{}</DatabaseReferences>
      <AppComponents>[]</AppComponents>
      <AppComponentDependencies>[]</AppComponentDependencies>
      <CanConsumeAppPass>1</CanConsumeAppPass>
      <CanvasAppType>0</CanvasAppType>
      <BypassConsent>0</BypassConsent>
      <EmbeddedApp xsi:nil="true"></EmbeddedApp>
      <IntroducedVersion>1.0</IntroducedVersion>
      <CdsDependencies>{"cdsdependencies":[]}</CdsDependencies>
      <IsCustomizable>1</IsCustomizable>
      <BackgroundImageUri>/CanvasApps/spadminp_sharepointadminlookup_ab66a_BackgroundImageUri</BackgroundImageUri>
      <DocumentUri>/CanvasApps/spadminp_sharepointadminlookup_ab66a_DocumentUri.msapp</DocumentUri>
    </CanvasApp>
  </CanvasApps>
  <Languages>
    <Language>1033</Language>
  </Languages>
</ImportExportXml>