{
  "properties": {
    "connectionReferences": {},
    "definition": {
      "$schema": "https://schema.management.azure.com/providers/Microsoft.Logic/schemas/2016-06-01/workflowdefinition.json#",
      "contentVersion": "1.0.0.0",
      "parameters": {
        "$authentication": {
          "defaultValue": {},
          "type": "SecureObject"
        }
      },
      "triggers": {
        "manual": {
          "metadata": {
            "operationMetadataId": "1590b23c-e209-46a2-ba0f-5f90c18aaa3c"
          },
          "type": "Request",
          "kind": "PowerAppV2",
          "inputs": {
            "schema": {
              "type": "object",
              "properties": {
                "text": {
                  "title": "Search Text",
                  "type": "string",
                  "x-ms-dynamically-added": true,
                  "description": "Please enter your input",
                  "x-ms-content-hint": "TEXT"
                }
              },
              "required": [
                "text"
              ]
            }
          }
        }
      },
      "actions": {
        "Response": {
          "runAfter": {
            "Parse_JSON": [
              "Succeeded"
            ]
          },
          "metadata": {
            "operationMetadataId": "9eaa4537-25da-4efc-8301-9e6557d8d911"
          },
          "type": "Response",
          "kind": "Http",
          "inputs": {
            "statusCode": 200,
            "body": {
              "results": "@body('Parse_JSON')"
            },
            "schema": {
              "type": "object",
              "properties": {
                "results": {
                  "type": "array",
                  "items": {
                    "type": "object",
                    "properties": {
                      "Url": {
                        "type": "string"
                      },
                      "Title": {
                        "type": "string"
                      }
                    },
                    "required": [
                      "Url",
                      "Title"
                    ]
                  }
                }
              }
            }
          }
        },
        "HTTP": {
          "runAfter": {
            "Initialize_function_Url": [
              "Succeeded"
            ]
          },
          "metadata": {
            "operationMetadataId": "e9b34e3c-7f98-4d17-aad9-a212a31d6c47"
          },
          "type": "Http",
          "inputs": {
            "method": "POST",
            "uri": "@variables('function Url')",
            "body": {
              "searchText": "@{triggerBody()['text']}"
            }
          }
        },
        "Parse_JSON": {
          "runAfter": {
            "HTTP": [
              "Succeeded"
            ]
          },
          "metadata": {
            "operationMetadataId": "1ef3009c-9f7f-4df3-a87a-f28c519f10ca"
          },
          "type": "ParseJson",
          "inputs": {
            "content": "@body('HTTP')",
            "schema": {
              "type": "array",
              "items": {
                "type": "object",
                "properties": {
                  "Url": {
                    "type": "string"
                  },
                  "Title": {
                    "type": "string"
                  }
                },
                "required": [
                  "Url",
                  "Title"
                ]
              }
            }
          }
        },
        "Initialize_function_Url": {
          "runAfter": {},
          "metadata": {
            "operationMetadataId": "3ec60ec3-ab39-4d71-84c5-8524a9dd3658"
          },
          "type": "InitializeVariable",
          "inputs": {
            "variables": [
              {
                "name": "function Url",
                "type": "string"
              }
            ]
          }
        }
      }
    },
    "templateName": ""
  },
  "schemaVersion": "1.0.0.0"
}