{
  "properties": {
    "connectionReferences": {},
    "definition": {
      "$schema": "https://schema.management.azure.com/providers/Microsoft.Logic/schemas/2016-06-01/workflowdefinition.json#",
      "contentVersion": "1.0.0.0",
      "parameters": {
        "$authentication": {
          "defaultValue": {},
          "type": "SecureObject"
        }
      },
      "triggers": {
        "manual": {
          "metadata": {
            "operationMetadataId": "0ebf3cbe-73c6-49b2-9a36-e91ccc99fe3d"
          },
          "type": "Request",
          "kind": "PowerAppV2",
          "inputs": {
            "schema": {
              "type": "object",
              "properties": {
                "text": {
                  "title": "Site Url",
                  "type": "string",
                  "x-ms-dynamically-added": true,
                  "description": "Please enter your input",
                  "x-ms-content-hint": "TEXT"
                }
              },
              "required": [
                "text"
              ]
            }
          }
        }
      },
      "actions": {
        "Response": {
          "runAfter": {
            "Parse_JSON": [
              "Succeeded"
            ]
          },
          "metadata": {
            "operationMetadataId": "e3e15a54-d813-4cf8-a174-7db2817889b2"
          },
          "type": "Response",
          "kind": "Http",
          "inputs": {
            "statusCode": 200,
            "body": {
              "admins": "@body('Parse_JSON')"
            },
            "schema": {
              "type": "object",
              "properties": {
                "admins": {
                  "type": "array",
                  "items": {
                    "type": "object",
                    "properties": {
                      "Email": {
                        "type": "string"
                      },
                      "DisplayName": {
                        "type": "string"
                      },
                      "Type": {
                        "type": "string"
                      }
                    },
                    "required": [
                      "Email",
                      "DisplayName",
                      "Type"
                    ]
                  }
                }
              }
            }
          }
        },
        "Parse_JSON": {
          "runAfter": {
            "HTTP": [
              "Succeeded"
            ]
          },
          "metadata": {
            "operationMetadataId": "ab99a539-45e8-43b5-aceb-67664ecb62e1"
          },
          "type": "ParseJson",
          "inputs": {
            "content": "@body('HTTP')",
            "schema": {
              "type": "array",
              "items": {
                "type": "object",
                "properties": {
                  "Email": {
                    "type": "string"
                  },
                  "DisplayName": {
                    "type": "string"
                  },
                  "Type": {
                    "type": "string"
                  }
                },
                "required": [
                  "Email",
                  "DisplayName",
                  "Type"
                ]
              }
            }
          }
        },
        "HTTP": {
          "runAfter": {
            "Initialize_function_Url": [
              "Succeeded"
            ]
          },
          "metadata": {
            "operationMetadataId": "63bd19ff-0972-4647-8660-f5e642702ce1"
          },
          "type": "Http",
          "inputs": {
            "method": "POST",
            "uri": "@variables('function Url')",
            "body": {
              "siteUrl": "@{triggerBody()['text']}"
            }
          }
        },
        "Initialize_function_Url": {
          "runAfter": {},
          "metadata": {
            "operationMetadataId": "b680d4ab-a2cb-4b79-b1ff-b01f5cea7849"
          },
          "type": "InitializeVariable",
          "inputs": {
            "variables": [
              {
                "name": "function Url",
                "type": "string"
              }
            ]
          }
        }
      }
    },
    "templateName": ""
  },
  "schemaVersion": "1.0.0.0"
}