<environmentvariabledefinition schemaname="spadminp_GetSiteAdminsFunctionUrl">
  <description default="Url for the Get-SiteCollectionAdmins Azure Function">
    <label description="Url for the Get-SiteCollectionAdmins Azure Function" languagecode="1033" />
  </description>
  <displayname default="Get-SiteAdmins-Function-Url">
    <label description="Get-SiteAdmins-Function-Url" languagecode="1033" />
  </displayname>
  <introducedversion>1.0.0.3</introducedversion>
  <iscustomizable>1</iscustomizable>
  <isrequired>0</isrequired>
  <secretstore>0</secretstore>
  <type>100000000</type>
</environmentvariabledefinition>