<environmentvariabledefinition schemaname="spadminp_SPOSearchFunctionUrl">
  <description default="URL for the Azure function Search-SPOSites.">
    <label description="URL for the Azure function Search-SPOSites." languagecode="1033" />
  </description>
  <displayname default="SPOSearch-Function-Url">
    <label description="SPOSearch-Function-Url" languagecode="1033" />
  </displayname>
  <introducedversion>1.0.0.3</introducedversion>
  <iscustomizable>1</iscustomizable>
  <isrequired>0</isrequired>
  <secretstore>0</secretstore>
  <type>100000000</type>
</environmentvariabledefinition>