{
  "properties": {
    "connectionReferences": {
      "shared_sharepointonline": {
        "runtimeSource": "invoker",
        "connection": {
          "connectionReferenceLogicalName": "sptools_CurrentUserConnection"
        },
        "api": {
          "name": "shared_sharepointonline"
        }
      }
    },
    "definition": {
      "$schema": "https://schema.management.azure.com/providers/Microsoft.Logic/schemas/2016-06-01/workflowdefinition.json#",
      "contentVersion": "1.0.0.0",
      "parameters": {
        "$connections": {
          "defaultValue": {},
          "type": "Object"
        },
        "$authentication": {
          "defaultValue": {},
          "type": "SecureObject"
        }
      },
      "triggers": {
        "manual": {
          "metadata": {
            "operationMetadataId": "22470029-0edf-4f5f-b3ea-f13e4ae80593"
          },
          "type": "Request",
          "kind": "Button",
          "inputs": {
            "schema": {
              "type": "object",
              "properties": {
                "text": {
                  "title": "Destination SharePoint Site URL",
                  "type": "string",
                  "x-ms-dynamically-added": true,
                  "description": "Please enter your input",
                  "x-ms-content-hint": "TEXT"
                },
                "text_1": {
                  "title": "Source List URL",
                  "type": "string",
                  "x-ms-dynamically-added": true,
                  "description": "Please enter your input",
                  "x-ms-content-hint": "TEXT"
                },
                "text_2": {
                  "title": "New List Title",
                  "type": "string",
                  "x-ms-dynamically-added": true,
                  "description": "Please enter your input",
                  "x-ms-content-hint": "TEXT"
                }
              },
              "required": [
                "text",
                "text_1",
                "text_2"
              ]
            }
          }
        }
      },
      "actions": {
        "Get_list_site_script": {
          "runAfter": {
            "Initialize_listNamePlaceholder": [
              "Succeeded"
            ]
          },
          "metadata": {
            "operationMetadataId": "c2fe5a49-4eec-4977-8860-1065f4fadbc6"
          },
          "type": "OpenApiConnection",
          "inputs": {
            "host": {
              "connectionName": "shared_sharepointonline",
              "operationId": "HttpRequest",
              "apiId": "/providers/Microsoft.PowerApps/apis/shared_sharepointonline"
            },
            "parameters": {
              "dataset": "@triggerBody()['text']",
              "parameters/method": "POST",
              "parameters/uri": "/_api/Microsoft.SharePoint.Utilities.WebTemplateExtensions.SiteScriptUtility.GetSiteScriptFromList()",
              "parameters/body": "{\n\"listUrl\": \"@{triggerBody()['text_1']}\"\n}"
            },
            "authentication": {
              "type": "Raw",
              "value": "@json(decodeBase64(triggerOutputs().headers['X-MS-APIM-Tokens']))['$ConnectionKey']"
            }
          },
          "description": "https://learn.microsoft.com/en-us/sharepoint/dev/declarative-customization/site-design-rest-api#getsitescriptfromlist"
        },
        "Create_list_from_site_script": {
          "runAfter": {
            "Format_body_input": [
              "Succeeded"
            ]
          },
          "metadata": {
            "operationMetadataId": "78919bf0-7a16-4e5b-b204-96eba2639cf2"
          },
          "type": "OpenApiConnection",
          "inputs": {
            "host": {
              "connectionName": "shared_sharepointonline",
              "operationId": "HttpRequest",
              "apiId": "/providers/Microsoft.PowerApps/apis/shared_sharepointonline"
            },
            "parameters": {
              "dataset": "@triggerBody()['text']",
              "parameters/method": "POST",
              "parameters/uri": "_api/Microsoft.Sharepoint.Utilities.WebTemplateExtensions.SiteScriptUtility.ExecuteTemplateScript()",
              "parameters/body": "@outputs('Format_body_input')"
            },
            "authentication": {
              "type": "Raw",
              "value": "@json(decodeBase64(triggerOutputs().headers['X-MS-APIM-Tokens']))['$ConnectionKey']"
            }
          }
        },
        "Site_Script_Response": {
          "runAfter": {
            "Get_list_site_script": [
              "Succeeded"
            ]
          },
          "metadata": {
            "operationMetadataId": "af49e325-d533-43f0-aed5-1d6fe095903d"
          },
          "type": "ParseJson",
          "inputs": {
            "content": "@body('Get_list_site_script')",
            "schema": {
              "type": "object",
              "properties": {
                "d": {
                  "type": "object",
                  "properties": {
                    "GetSiteScriptFromList": {
                      "type": "string"
                    }
                  }
                }
              }
            }
          }
        },
        "Format_body_input": {
          "runAfter": {
            "Add_new_listName_binding": [
              "Succeeded"
            ]
          },
          "metadata": {
            "operationMetadataId": "c037463b-804c-471a-bf00-8aea7106e7e9"
          },
          "type": "Compose",
          "inputs": {
            "script": "{\"bindings\" : @{string(outputs('Add_new_listName_binding'))}, \"actions\" : @{replace(string(body('Site_Script_Detail')?['actions']),'\\\\\\\"','\\\\\"')} }"
          }
        },
        "Site_Script_Detail": {
          "runAfter": {
            "Site_Script_Response": [
              "Succeeded"
            ]
          },
          "metadata": {
            "operationMetadataId": "24b2b6b4-ffdb-4cf5-b28f-1b7dd93c8481"
          },
          "type": "ParseJson",
          "inputs": {
            "content": "@body('Site_Script_Response')?['d']?['GetSiteScriptFromList']",
            "schema": {
              "type": "object",
              "properties": {
                "$schema": {
                  "type": "string"
                },
                "actions": {
                  "type": "array",
                  "items": {
                    "type": "object",
                    "properties": {
                      "verb": {
                        "type": "string"
                      },
                      "listName": {
                        "type": "string"
                      }
                    }
                  }
                },
                "bindings": {
                  "type": "object"
                }
              }
            }
          }
        },
        "Create_List_Response": {
          "runAfter": {
            "Create_list_from_site_script": [
              "Succeeded"
            ]
          },
          "metadata": {
            "operationMetadataId": "9200dd2b-6191-48e3-aa2d-c0350d70e4f8"
          },
          "type": "ParseJson",
          "inputs": {
            "content": "@body('Create_list_from_site_script')",
            "schema": {
              "type": "object",
              "properties": {
                "d": {
                  "type": "object",
                  "properties": {
                    "ExecuteTemplateScript": {
                      "type": "object",
                      "properties": {
                        "__metadata": {
                          "type": "object",
                          "properties": {
                            "type": {
                              "type": [
                                "string",
                                "null"
                              ]
                            }
                          }
                        },
                        "results": {
                          "type": "array",
                          "items": {
                            "type": "object",
                            "properties": {
                              "ErrorCode": {
                                "type": "integer"
                              },
                              "Outcome": {
                                "type": [
                                  "string",
                                  "null"
                                ]
                              },
                              "OutcomeText": {},
                              "Target": {
                                "type": [
                                  "string",
                                  "null"
                                ]
                              },
                              "TargetId": {
                                "type": [
                                  "string",
                                  "null"
                                ]
                              },
                              "Title": {
                                "type": [
                                  "string",
                                  "null"
                                ]
                              }
                            }
                          }
                        }
                      }
                    }
                  }
                }
              }
            }
          }
        },
        "Extract_the_listName_binding_name": {
          "foreach": "@body('Site_Script_Detail')?['actions']",
          "actions": {
            "Set_listNamePlaceholder": {
              "runAfter": {},
              "metadata": {
                "operationMetadataId": "b4b5b30b-4b63-487e-98a8-7e7ba8524dcf"
              },
              "type": "SetVariable",
              "inputs": {
                "name": "listNamePlaceholder",
                "value": "@{replace(replace(items('Extract_the_listName_binding_name')?['listName'], '[[', ''), ']]', '')}"
              }
            }
          },
          "runAfter": {
            "Site_Script_Detail": [
              "Succeeded"
            ]
          },
          "metadata": {
            "operationMetadataId": "40b717df-6d34-4750-895c-93d1d95d1886"
          },
          "type": "Foreach"
        },
        "Initialize_listNamePlaceholder": {
          "runAfter": {},
          "metadata": {
            "operationMetadataId": "df649b76-fca5-407d-8200-bd64e86082c3"
          },
          "type": "InitializeVariable",
          "inputs": {
            "variables": [
              {
                "name": "listNamePlaceholder",
                "type": "string"
              }
            ]
          }
        },
        "original_listName": {
          "runAfter": {
            "Extract_the_listName_binding_name": [
              "Succeeded"
            ]
          },
          "metadata": {
            "operationMetadataId": "24c223e3-dc2f-4619-b696-8383dfb9b5db"
          },
          "type": "Compose",
          "inputs": "@body('Site_Script_Detail')?['bindings']?[variables('listNamePlaceholder')]"
        },
        "Remove_listName_binding": {
          "runAfter": {
            "original_listName": [
              "Succeeded"
            ]
          },
          "metadata": {
            "operationMetadataId": "b95fcdbc-79c2-4cf3-9e1a-8873a00e1334"
          },
          "type": "Compose",
          "inputs": "@removeProperty(body('Site_Script_Detail')?['bindings'],variables('listNamePlaceholder'))"
        },
        "Add_new_listName_binding": {
          "runAfter": {
            "Create_listName_binding": [
              "Succeeded"
            ]
          },
          "metadata": {
            "operationMetadataId": "2c4cf82e-1f84-4282-80b6-ccf7b35e1b26"
          },
          "type": "Compose",
          "inputs": "@addProperty(outputs('Remove_listName_binding'),variables('listNamePlaceholder'),outputs('Create_listName_binding'))"
        },
        "Create_listName_binding": {
          "runAfter": {
            "Remove_listName_binding": [
              "Succeeded"
            ]
          },
          "metadata": {
            "operationMetadataId": "9d5c030b-7f9f-43b7-b6c2-1645b5659176"
          },
          "type": "Compose",
          "inputs": {
            "source": "Input",
            "defaultValue": "@{triggerBody()['text_2']}"
          }
        },
        "Filter_for_errors": {
          "runAfter": {
            "Create_List_Response": [
              "Succeeded"
            ]
          },
          "metadata": {
            "operationMetadataId": "cd15bce0-da66-4a58-8a15-a7baed70d478"
          },
          "type": "Query",
          "inputs": {
            "from": "@body('Create_List_Response')?['d']?['ExecuteTemplateScript']?['results']",
            "where": "@not(equals(item()?['ErrorCode'], 0))"
          }
        },
        "If_Error_found_terminate": {
          "actions": {
            "Terminate": {
              "runAfter": {},
              "metadata": {
                "operationMetadataId": "0fa3c687-9e4e-4219-bc8c-bfdc636d1eaf"
              },
              "type": "Terminate",
              "inputs": {
                "runStatus": "Failed"
              }
            }
          },
          "runAfter": {
            "Filter_for_errors": [
              "Succeeded"
            ]
          },
          "expression": {
            "greater": [
              "@length(body('Filter_for_errors'))",
              0
            ]
          },
          "metadata": {
            "operationMetadataId": "90429d5f-e92f-498a-ade3-4be414955575"
          },
          "type": "If"
        }
      }
    },
    "templateName": ""
  },
  "schemaVersion": "1.0.0.0"
}